{
  "mean_squared_error": 0.15169633078094258,
  "r2_score": 0.8479639319244114
}